{"cameraMode":{"drawMode":0,"name":"Shaded","section":"Shading Mode"},"sceneLighting":false,"audioPlay":false,"sceneViewState":{"m_AlwaysRefresh":false,"showFog":true,"showSkybox":false,"showFlares":true,"showImageEffects":true,"showParticleSystems":true,"showVisualEffectGraphs":true,"m_FxEnabled":true},"in2DMode":false,"pivot":{"x":-11.460000038146973,"y":0.4970000386238098,"z":-4.910539150238037},"rotation":{"x":-0.01908310316503048,"y":-0.9784002304077148,"z":0.17685794830322267,"w":-0.10671983659267426},"size":0.7167863845825195,"orthographic":false}