{"cameraMode":{"drawMode":0,"name":"Shaded","section":"Shading Mode"},"sceneLighting":true,"audioPlay":false,"sceneViewState":{"m_AlwaysRefresh":false,"showFog":true,"showSkybox":true,"showFlares":true,"showImageEffects":true,"showParticleSystems":true,"showVisualEffectGraphs":true,"m_FxEnabled":true},"in2DMode":false,"pivot":{"x":14.987197875976563,"y":3.838726043701172,"z":8.308886528015137},"rotation":{"x":0.05400269106030464,"y":0.8746009469032288,"z":-0.10012438148260117,"w":0.47141480445861819},"size":1.8008009195327759,"orthographic":false}